tag,precision,recall,f1
Anxiety-Reduction,0.14285714285714285,0.08333333333333333,0.10526315789473685
Focusing,0.2903225806451613,0.45,0.3529411764705882
Grounding,0.5147058823529411,0.875,0.6481481481481481
Playful,0.5949367088607594,1.0,0.7460317460317459
Sensory-Calming,0.7246376811594203,0.8771929824561403,0.7936507936507936
Soothing,0.5125,0.9761904761904762,0.6721311475409836
Stimulating,0.4,0.6666666666666666,0.5
Transitional,0.1724137931034483,0.38461538461538464,0.23809523809523808
