tag,precision,recall,f1
Anxiety-Reduction,0.25,0.25,0.25
Focusing,0.2222222222222222,0.2,0.2105263157894737
Grounding,0.48717948717948717,0.475,0.4810126582278481
Playful,0.7169811320754716,0.8085106382978723,0.76
Sensory-Calming,0.7647058823529411,0.6842105263157895,0.7222222222222222
Soothing,0.64,0.7619047619047619,0.6956521739130435
Stimulating,0.5652173913043478,0.43333333333333335,0.49056603773584906
Transitional,0.07142857142857142,0.07692307692307693,0.07407407407407408
