tag,precision,recall,f1
Anxiety-Reduction,0.0,0.0,0.0
Focusing,0.5,0.5,0.5
Grounding,0.5,0.42857142857142855,0.4615384615384615
Playful,0.6666666666666666,0.6923076923076923,0.6792452830188679
Sensory-Calming,0.6071428571428571,0.7083333333333334,0.6538461538461539
Soothing,0.5238095238095238,0.5,0.5116279069767442
Stimulating,0.5714285714285714,0.6666666666666666,0.6153846153846153
Transitional,0.3,0.2727272727272727,0.28571428571428564
