tag,precision,recall,f1
Anxiety-Reduction,0.17647058823529413,0.25,0.20689655172413793
Focusing,0.20833333333333334,0.25,0.22727272727272727
Grounding,0.4888888888888889,0.55,0.5176470588235293
Playful,0.7068965517241379,0.8723404255319149,0.780952380952381
Sensory-Calming,0.7540983606557377,0.8070175438596491,0.7796610169491526
Soothing,0.5211267605633803,0.8809523809523809,0.6548672566371682
Stimulating,0.52,0.43333333333333335,0.4727272727272728
Transitional,0.16666666666666666,0.15384615384615385,0.16
