tag,precision,recall,f1
Anxiety-Reduction,0.0,0.0,0.0
Focusing,0.0,0.0,0.0
Grounding,0.6428571428571429,0.42857142857142855,0.5142857142857143
Playful,0.7083333333333334,0.6538461538461539,0.68
Sensory-Calming,0.7083333333333334,0.7083333333333334,0.7083333333333334
Soothing,0.5555555555555556,0.6818181818181818,0.6122448979591836
Stimulating,0.8,0.3333333333333333,0.47058823529411764
Transitional,0.5,0.18181818181818182,0.26666666666666666
