tag,precision,recall,f1
Anxiety-Reduction,0.0,0.0,0.0
Focusing,0.3333333333333333,0.05,0.08695652173913045
Grounding,0.5,0.475,0.48717948717948717
Playful,0.6923076923076923,0.7659574468085106,0.7272727272727273
Sensory-Calming,0.851063829787234,0.7017543859649122,0.7692307692307693
Soothing,0.6346153846153846,0.7857142857142857,0.7021276595744681
Stimulating,0.5,0.23333333333333334,0.3181818181818182
Transitional,0.2,0.15384615384615385,0.17391304347826086
