tag,precision,recall,f1
Anxiety-Reduction,0.0,0.0,0.0
Focusing,0.375,0.15,0.21428571428571425
Grounding,0.5757575757575758,0.475,0.5205479452054794
Playful,0.6727272727272727,0.7872340425531915,0.7254901960784313
Sensory-Calming,0.7580645161290323,0.8245614035087719,0.7899159663865545
Soothing,0.6304347826086957,0.6904761904761905,0.6590909090909092
Stimulating,0.5714285714285714,0.4,0.47058823529411764
Transitional,0.2,0.07692307692307693,0.1111111111111111
