tag,precision,recall,f1
Anxiety-Reduction,0.3333333333333333,0.16666666666666666,0.2222222222222222
Focusing,0.25,0.1111111111111111,0.15384615384615383
Grounding,0.5769230769230769,0.625,0.6
Playful,0.6363636363636364,0.56,0.5957446808510639
Sensory-Calming,0.5714285714285714,0.5454545454545454,0.5581395348837208
Soothing,0.4782608695652174,0.6470588235294118,0.55
Stimulating,0.5555555555555556,0.3333333333333333,0.4166666666666667
Transitional,0.25,0.2857142857142857,0.26666666666666666
