tag,precision,recall,f1
Anxiety-Reduction,0.3333333333333333,0.25,0.28571428571428575
Focusing,0.4,0.2222222222222222,0.2857142857142857
Grounding,0.6415094339622641,0.7727272727272727,0.7010309278350515
Playful,0.7804878048780488,0.6666666666666666,0.7191011235955055
Sensory-Calming,0.6808510638297872,0.7619047619047619,0.7191011235955055
Soothing,0.6,0.6428571428571429,0.6206896551724138
Stimulating,0.6470588235294118,0.39285714285714285,0.4888888888888888
Transitional,0.48717948717948717,0.6129032258064516,0.5428571428571428
