tag,precision,recall,f1
Anxiety-Reduction,0.0,0.0,0.0
Focusing,0.3333333333333333,0.07142857142857142,0.11764705882352941
Grounding,0.5,0.38095238095238093,0.4324324324324324
Playful,0.7037037037037037,0.7307692307692307,0.7169811320754716
Sensory-Calming,0.6176470588235294,0.875,0.7241379310344829
Soothing,0.5652173913043478,0.5909090909090909,0.5777777777777778
Stimulating,0.6666666666666666,0.3333333333333333,0.4444444444444444
Transitional,0.5,0.09090909090909091,0.15384615384615385
