tag,precision,recall,f1
Anxiety-Reduction,0.0,0.0,0.0
Focusing,0.5,0.1,0.16666666666666669
Grounding,0.6153846153846154,0.4,0.4848484848484849
Playful,0.6379310344827587,0.7872340425531915,0.7047619047619048
Sensory-Calming,0.7575757575757576,0.8771929824561403,0.8130081300813008
Soothing,0.6153846153846154,0.7619047619047619,0.6808510638297872
Stimulating,0.5263157894736842,0.3333333333333333,0.4081632653061224
Transitional,0.0,0.0,0.0
