tag,precision,recall,f1
Anxiety-Reduction,0.29411764705882354,0.4166666666666667,0.3448275862068966
Focusing,0.21153846153846154,0.55,0.3055555555555555
Grounding,0.4838709677419355,0.75,0.5882352941176471
Playful,0.6,0.8297872340425532,0.6964285714285714
Sensory-Calming,0.7272727272727273,0.7017543859649122,0.7142857142857142
Soothing,0.5316455696202531,1.0,0.6942148760330578
Stimulating,0.55,0.36666666666666664,0.43999999999999995
Transitional,0.15384615384615385,0.3076923076923077,0.20512820512820515
