tag,precision,recall,f1
Anxiety-Reduction,0.3333333333333333,0.16666666666666666,0.2222222222222222
Focusing,0.36363636363636365,0.2,0.25806451612903225
Grounding,0.55,0.55,0.55
Playful,0.6724137931034483,0.8297872340425532,0.7428571428571429
Sensory-Calming,0.7627118644067796,0.7894736842105263,0.7758620689655172
Soothing,0.62,0.7380952380952381,0.6739130434782609
Stimulating,0.5454545454545454,0.4,0.4615384615384615
Transitional,0.09090909090909091,0.07692307692307693,0.08333333333333334
