tag,precision,recall,f1
Anxiety-Reduction,0.0,0.0,0.0
Focusing,0.3,0.21428571428571427,0.25
Grounding,0.5,0.3333333333333333,0.4
Playful,0.68,0.6538461538461539,0.6666666666666666
Sensory-Calming,0.6363636363636364,0.875,0.7368421052631579
Soothing,0.55,0.5,0.5238095238095238
Stimulating,0.5454545454545454,0.5,0.5217391304347826
Transitional,0.2857142857142857,0.18181818181818182,0.2222222222222222
