tag,precision,recall,f1
Anxiety-Reduction,0.2727272727272727,0.25,0.2608695652173913
Focusing,0.20588235294117646,0.35,0.25925925925925924
Grounding,0.49056603773584906,0.65,0.5591397849462365
Playful,0.6666666666666666,0.8085106382978723,0.7307692307692306
Sensory-Calming,0.7959183673469388,0.6842105263157895,0.7358490566037734
Soothing,0.5714285714285714,0.8571428571428571,0.6857142857142857
Stimulating,0.5,0.5,0.5
Transitional,0.1,0.15384615384615385,0.12121212121212123
