tag,precision,recall,f1
Anxiety-Reduction,0.0,0.0,0.0
Focusing,0.6,0.21428571428571427,0.3157894736842105
Grounding,0.5714285714285714,0.38095238095238093,0.4571428571428571
Playful,0.72,0.6923076923076923,0.7058823529411765
Sensory-Calming,0.5882352941176471,0.8333333333333334,0.6896551724137931
Soothing,0.5454545454545454,0.5454545454545454,0.5454545454545454
Stimulating,0.5,0.3333333333333333,0.4
Transitional,0.3333333333333333,0.09090909090909091,0.14285714285714288
