tag,precision,recall,f1
Anxiety-Reduction,0.14285714285714285,0.08333333333333333,0.10526315789473685
Focusing,0.21428571428571427,0.3,0.25
Grounding,0.48717948717948717,0.95,0.6440677966101694
Playful,0.6,0.9574468085106383,0.7377049180327869
Sensory-Calming,0.6986301369863014,0.8947368421052632,0.7846153846153846
Soothing,0.5070422535211268,0.8571428571428571,0.6371681415929203
Stimulating,0.5,0.6,0.5454545454545454
Transitional,0.15789473684210525,0.46153846153846156,0.23529411764705882
